documento,topico
virginamerica realli aggress blast obnoxi entertain guest face amp littl recours,12
virginamerica realli big bad thing,19
virginamerica serious would pay 30 flight seat didnt play realli bad thing fli va,9
virginamerica sfopdx schedul still mia,16
virginamerica flew nyc sfo last week couldnt fulli sit seat due two larg gentleman either side help,15
virginamerica first fare may three time carrier seat avail select,9
virginamerica guy mess seat reserv seat friend guy gave seat away want free internet,2
virginamerica statu match program appli three week call email respons,3
virginamerica happen 2 ur vegan food option least say ur site know wont abl 2 eat anyth next 6 hr fail,11
virginamerica amaz cant get cold air vent vx358 noair worstflightev roast sfotobo,12
virginamerica hi bked cool birthday trip cant add elev caus enter middl name flight book problem,4
virginamerica help left expens headphon flight 89 iad lax today seat 2a one answer lampf number lax,14
virginamerica await return phone call would prefer use onlin selfservic option,10
virginamerica chat support work site,4
virginamerica hey first time flyer next week excit im hard time get flight ad elev account help,6
virginamerica hi im excit 99 lgagtdal deal ive tri 2 book sinc last week amp page never load thx,8
virginamerica call 34 week ago ad 3 flight 2014 elevatethey still havent shown uphelp,19
virginamerica heyyyi guyyyi tri get hour someon call pleas,11
virginamerica hi virgin im hold 4050 minut earlier flight la nyc tonight earlier 1150pm,11
virginamerica everyth fine lost bag,11
virginamerica airlin awesom lax loft need step game 40 dirti tabl floor,14
virginamerica go custom servic anyway speak human asap thank,9
virginamerica cant supp biz travel like southwestair custom servic like jetblu neverflyvirginforbusi,18
virginamerica your best whenev begrudgingli use airlin im delay late flight,12
virginamerica interest fli cancel flight next four flight plannedneverflyvirginforbusi,5
virginamerica disappoint experi share everi busi travel meet neverflyvirgin,13
virginamerica im troubl ad flight wife book elev account help,19
virginamerica site back,9
virginamerica like tv interest video disappoint cancel flightl flight flight went jfk saturday,18
virginamerica land lax hour late flight bag check busi travel friendli nomorevirgin,6
